District ID,District Name,School Year,Number Eligible for Free/ Reduced Price Lunch,Total Enrollment,Percent Eligible for Free/ Reduced Lunch
288,Achievement First Hartford Academy Inc.,2010-11,521,610,85.4
279,Amistad Academy District,2010-11,596,812,73.4
1,Andover School District,2010-11,39,334,11.7
2,Ansonia School District,2010-11,1581,2619,60.4
244,Area Cooperative Educational Services,2010-11,676,1366,49.5
3,Ashford School District,2010-11,109,476,22.9
4,Avon School District,2010-11,190,3545,5.4
5,Barkhamsted School District,2010-11,24,343,7
7,Berlin School District,2010-11,274,3116,8.8
8,Bethany School District,2010-11,23,511,4.5
9,Bethel School District,2010-11,407,2938,13.9
11,Bloomfield School District,2010-11,1032,2196,47
12,Bolton School District,2010-11,101,897,11.3
13,Bozrah School District,2010-11,43,234,18.4
14,Branford School District,2010-11,631,3363,18.8
285,Bridgeport Achievement First,2010-11,299,409,73.1
15,Bridgeport School District,2010-11,19844,20087,98.8
17,Bristol School District,2010-11,3423,8549,40
18,Brookfield School District,2010-11,165,2870,5.7
19,Brooklyn School District,2010-11,218,947,23
21,Canaan School District,2010-11,8,86,9.3
22,Canterbury School District,2010-11,110,524,21
23,Canton School District,2010-11,110,1777,6.2
241,Capitol Region Education Council,2010-11,1828,4241,43.1
24,Chaplin School District,2010-11,50,187,26.7
287,Charter School for Young Children on Asylum Hill,2010-11,85,225,37.8
25,Cheshire School District,2010-11,278,4770,5.8
26,Chester School District,2010-11,29,275,10.5
27,Clinton School District,2010-11,276,2029,13.6
28,Colchester School District,2010-11,350,3069,11.4
29,Colebrook School District,2010-11,16,112,14.3
30,Columbia School District,2010-11,59,539,10.9
268,Common Ground High School District,2010-11,86,163,52.8
900,Connecticut Technical High School System,2010-11,3990,10643,37.5
243,Cooperative Educational Services,2010-11,139,452,30.8
31,Cornwall School District,2010-11,13,115,11.3
32,Coventry School District,2010-11,311,1822,17.1
33,Cromwell School District,2010-11,297,2016,14.7
34,Danbury School District,2010-11,4657,10343,45
35,Darien School District,2010-11,59,4820,1.2
36,Deep River School District,2010-11,53,351,15.1
37,Derby School District,2010-11,740,1463,50.6
40,East Granby School District,2010-11,31,889,3.5
41,East Haddam School District,2010-11,160,1335,12
42,East Hampton School District,2010-11,224,1958,11.4
43,East Hartford School District,2010-11,3905,6624,59
44,East Haven School District,2010-11,1431,3386,42.3
45,East Lyme School District,2010-11,298,3017,9.9
47,East Windsor School District,2010-11,456,1329,34.3
253,Eastern Connecticut Regional Educational Service Center,2010-11,49,217,22.6
39,Eastford School District,2010-11,17,178,9.6
46,Easton School District,2010-11,16,1098,1.5
48,Ellington School District,2010-11,229,2726,8.4
289,Elm City College Preparatory School,2010-11,430,585,73.5
49,Enfield School District,2010-11,1684,5766,29.2
50,Essex School District,2010-11,37,591,6.3
272,Explorations District,2010-11,36,80,45
51,Fairfield School District,2010-11,918,10064,9.1
52,Farmington School District,2010-11,315,4053,7.8
53,Franklin School District,2010-11,29,222,13.1
54,Glastonbury School District,2010-11,498,6797,7.3
56,Granby School District,2010-11,164,2235,7.3
57,Greenwich School District,2010-11,1166,8842,13.2
58,Griswold School District,2010-11,594,2005,29.6
59,Groton School District,2010-11,1752,4965,35.3
60,Guilford School District,2010-11,235,3678,6.4
62,Hamden School District,2010-11,2212,5897,37.5
63,Hampton School District,2010-11,26,139,18.7
64,Hartford School District,2010-11,18947,20899,90.7
65,Hartland School District,2010-11,6,221,2.7
67,Hebron School District,2010-11,55,1135,4.8
286,Highville Charter School District,2010-11,223,300,74.3
264,Integrated Day Charter School District,2010-11,93,331,28.1
265,Interdistrict School for Arts and Comm District,2010-11,128,182,70.3
261,Jumoke Academy District,2010-11,287,432,66.4
68,Kent School District,2010-11,37,287,12.9
69,Killingly School District,2010-11,1087,2578,42.2
245,Learn,2010-11,641,1265,50.7
71,Lebanon School District,2010-11,171,1403,12.2
72,Ledyard School District,2010-11,335,2612,12.8
73,Lisbon School District,2010-11,103,534,19.3
74,Litchfield School District,2010-11,110,1169,9.4
76,Madison School District,2010-11,128,3563,3.6
77,Manchester School District,2010-11,3297,6526,50.5
78,Mansfield School District,2010-11,306,1326,23.1
79,Marlborough School District,2010-11,42,673,6.2
80,Meriden School District,2010-11,5514,8279,66.6
83,Middletown School District,2010-11,2175,5189,41.9
84,Milford School District,2010-11,1085,6958,15.6
85,Monroe School District,2010-11,280,3745,7.5
86,Montville School District,2010-11,748,2638,28.4
88,Naugatuck School District,2010-11,1758,4525,38.9
280,"New Beginnings Inc., Family Academy District",2010-11,296,360,82.2
89,New Britain School District,2010-11,7311,10054,72.7
91,New Fairfield School District,2010-11,264,2919,9
92,New Hartford School District,2010-11,35,608,5.8
93,New Haven School District,2010-11,14810,19048,77.8
95,New London School District,2010-11,2586,3040,85.1
96,New Milford School District,2010-11,744,4744,15.7
94,Newington School District,2010-11,746,4416,16.9
97,Newtown School District,2010-11,323,5363,6
98,Norfolk School District,2010-11,10,134,7.5
99,North Branford School District,2010-11,312,2286,13.6
100,North Canaan School District,2010-11,77,318,24.2
101,North Haven School District,2010-11,315,3576,8.8
102,North Stonington School District,2010-11,136,796,17.1
103,Norwalk School District,2010-11,4769,11050,43.2
901,Norwich Free Academy,2010-11,480,2381,20.2
104,Norwich School District,2010-11,2630,3754,70.1
263,Odyssey Community School District,2010-11,57,181,31.5
106,Old Saybrook School District,2010-11,208,1569,13.3
107,Orange School District,2010-11,36,1277,2.8
108,Oxford School District,2010-11,178,2197,8.1
283,Park City Prep Charter School,2010-11,158,250,63.2
109,Plainfield School District,2010-11,975,2604,37.4
110,Plainville School District,2010-11,552,2417,22.8
111,Plymouth School District,2010-11,453,1727,26.2
112,Pomfret School District,2010-11,59,513,11.5
113,Portland School District,2010-11,191,1404,13.6
114,Preston School District,2010-11,67,430,15.6
116,Putnam School District,2010-11,732,1287,56.9
117,Redding School District,2010-11,28,1243,2.3
201,Regional School District 01,2010-11,100,502,19.9
204,Regional School District 04,2010-11,76,973,7.8
205,Regional School District 05,2010-11,71,2475,2.9
206,Regional School District 06,2010-11,126,1042,12.1
207,Regional School District 07,2010-11,60,1092,5.5
208,Regional School District 08,2010-11,113,1765,6.4
209,Regional School District 09,2010-11,15,968,1.5
210,Regional School District 10,2010-11,109,2755,4
211,Regional School District 11,2010-11,66,274,24.1
212,Regional School District 12,2010-11,63,912,6.9
213,Regional School District 13,2010-11,118,2036,5.8
214,Regional School District 14,2010-11,170,2038,8.3
215,Regional School District 15,2010-11,170,4417,3.8
216,Regional School District 16,2010-11,314,2536,12.4
217,Regional School District 17,2010-11,167,2473,6.8
218,Regional School District 18,2010-11,107,1493,7.2
219,Regional School District 19,2010-11,154,1189,13
118,Ridgefield School District,2010-11,111,5419,2
119,Rocky Hill School District,2010-11,266,2576,10.3
121,Salem School District,2010-11,33,461,7.2
122,Salisbury School District,2010-11,32,310,10.3
123,Scotland School District,2010-11,17,143,11.9
124,Seymour School District,2010-11,560,2410,23.2
125,Sharon School District,2010-11,37,197,18.8
126,Shelton School District,2010-11,853,5286,16.1
127,Sherman School District,2010-11,27,408,6.6
270,Side By Side Community School District,2010-11,114,233,48.9
128,Simsbury School District,2010-11,318,4756,6.7
129,Somers School District,2010-11,86,1630,5.3
132,South Windsor School District,2010-11,367,4553,8.1
131,Southington School District,2010-11,680,6790,10
133,Sprague School District,2010-11,149,371,40.2
134,Stafford School District,2010-11,509,1854,27.5
282,Stamford Academy,2010-11,122,138,88.4
135,Stamford School District,2010-11,7405,15281,48.5
136,Sterling School District,2010-11,154,482,32
137,Stonington School District,2010-11,214,2468,8.7
138,Stratford School District,2010-11,2747,7270,37.8
139,Suffield School District,2010-11,226,2499,9
269,The Bridge Academy District,2010-11,223,271,82.3
902,The Gilbert School,2010-11,119,325,36.6
140,Thomaston School District,2010-11,172,1121,15.3
141,Thompson School District,2010-11,382,1263,30.2
142,Tolland School District,2010-11,138,3046,4.5
143,Torrington School District,2010-11,1918,4507,42.6
278,Trailblazers Academy District,2010-11,148,162,91.4
144,Trumbull School District,2010-11,425,6744,6.3
145,Union School District,2010-11,3,81,3.7
146,Vernon School District,2010-11,1202,3583,33.5
147,Voluntown School District,2010-11,51,312,16.3
148,Wallingford School District,2010-11,769,6538,11.8
151,Waterbury School District,2010-11,14123,17694,79.8
152,Waterford School District,2010-11,347,2800,12.4
153,Watertown School District,2010-11,511,3175,16.1
155,West Hartford School District,2010-11,1898,10190,18.6
156,West Haven School District,2010-11,3566,6194,57.6
154,Westbrook School District,2010-11,101,946,10.7
157,Weston School District,2010-11,45,2521,1.8
158,Westport School District,2010-11,173,5720,3
159,Wethersfield School District,2010-11,628,3792,16.6
160,Willington School District,2010-11,93,511,18.2
161,Wilton School District,2010-11,50,4315,1.2
162,Winchester School District,2010-11,395,942,41.9
163,Windham School District,2010-11,2358,3124,75.5
165,Windsor Locks School District,2010-11,566,1785,31.7
164,Windsor School District,2010-11,1015,3613,28.1
166,Wolcott School District,2010-11,531,2738,19.4
167,Woodbridge School District,2010-11,31,723,4.3
903,Woodstock Academy,2010-11,47,1096,4.3
169,Woodstock School District,2010-11,95,925,10.3
288,Achievement First Hartford Academy Inc.,2009-10,300,440,68.2
279,Amistad Academy District,2009-10,493,744,66.3
1,Andover School District,2009-10,34,336,10.1
2,Ansonia School District,2009-10,1590,2725,58.3
244,Area Cooperative Educational Services,2009-10,727,1473,49.4
3,Ashford School District,2009-10,104,475,21.9
4,Avon School District,2009-10,149,3586,4.2
5,Barkhamsted School District,2009-10,17,345,4.9
7,Berlin School District,2009-10,199,3159,6.3
8,Bethany School District,2009-10,20,515,3.9
9,Bethel School District,2009-10,409,3042,13.4
11,Bloomfield School District,2009-10,1023,2280,44.9
12,Bolton School District,2009-10,77,880,8.8
13,Bozrah School District,2009-10,42,256,16.4
14,Branford School District,2009-10,654,3444,19
285,Bridgeport Achievement First,2009-10,159,238,66.8
15,Bridgeport School District,2009-10,19616,19933,98.4
17,Bristol School District,2009-10,3320,8659,38.3
18,Brookfield School District,2009-10,134,2898,4.6
19,Brooklyn School District,2009-10,204,962,21.2
21,Canaan School District,2009-10,11,95,11.6
22,Canterbury School District,2009-10,100,551,18.1
23,Canton School District,2009-10,80,1762,4.5
241,Capitol Region Education Council,2009-10,1467,3565,41.2
24,Chaplin School District,2009-10,25,173,14.5
287,Charter School for Young Children on Asylum Hill,2009-10,73,185,39.5
25,Cheshire School District,2009-10,264,4932,5.4
26,Chester School District,2009-10,27,299,9
27,Clinton School District,2009-10,256,2024,12.6
28,Colchester School District,2009-10,292,3204,9.1
29,Colebrook School District,2009-10,17,119,14.3
30,Columbia School District,2009-10,39,554,7
268,Common Ground High School District,2009-10,95,160,59.4
900,Connecticut Technical High School System,2009-10,3626,10469,34.6
243,Cooperative Educational Services,2009-10,105,439,23.9
31,Cornwall School District,2009-10,7,122,5.7
32,Coventry School District,2009-10,303,1898,16
33,Cromwell School District,2009-10,275,2048,13.4
34,Danbury School District,2009-10,3418,10186,33.6
35,Darien School District,2009-10,51,4784,1.1
36,Deep River School District,2009-10,43,349,12.3
37,Derby School District,2009-10,732,1449,50.5
40,East Granby School District,2009-10,17,904,1.9
41,East Haddam School District,2009-10,143,1386,10.3
42,East Hampton School District,2009-10,183,2018,9.1
43,East Hartford School District,2009-10,4304,6773,63.5
44,East Haven School District,2009-10,1244,3475,35.8
45,East Lyme School District,2009-10,235,3047,7.7
47,East Windsor School District,2009-10,400,1379,29
253,Eastern Connecticut Regional Educational Service Center,2009-10,32,158,20.3
39,Eastford School District,2009-10,12,170,7.1
46,Easton School District,2009-10,17,1114,1.5
48,Ellington School District,2009-10,203,2667,7.6
289,Elm City College Preparatory School,2009-10,378,547,69.1
49,Enfield School District,2009-10,1695,5988,28.3
50,Essex School District,2009-10,38,593,6.4
272,Explorations District,2009-10,20,80,25
51,Fairfield School District,2009-10,846,9973,8.5
52,Farmington School District,2009-10,322,4085,7.9
53,Franklin School District,2009-10,24,224,10.7
54,Glastonbury School District,2009-10,486,6816,7.1
56,Granby School District,2009-10,82,2275,3.6
57,Greenwich School District,2009-10,1037,8847,11.7
58,Griswold School District,2009-10,602,2060,29.2
59,Groton School District,2009-10,1712,5029,34
60,Guilford School District,2009-10,254,3711,6.8
62,Hamden School District,2009-10,1895,5844,32.4
63,Hampton School District,2009-10,22,143,15.4
64,Hartford School District,2009-10,19552,21106,92.6
65,Hartland School District,2009-10,7,227,3.1
67,Hebron School District,2009-10,46,1172,3.9
286,Highville Charter School District,2009-10,203,303,67
264,Integrated Day Charter School District,2009-10,66,330,20
265,Interdistrict School for Arts and Comm District,2009-10,132,182,72.5
261,Jumoke Academy District,2009-10,313,434,72.1
68,Kent School District,2009-10,32,282,11.3
69,Killingly School District,2009-10,1070,2583,41.4
245,Learn,2009-10,494,1088,45.4
71,Lebanon School District,2009-10,200,1447,13.8
72,Ledyard School District,2009-10,385,2661,14.5
73,Lisbon School District,2009-10,100,567,17.6
74,Litchfield School District,2009-10,125,1201,10.4
76,Madison School District,2009-10,104,3635,2.9
77,Manchester School District,2009-10,3117,6601,47.2
78,Mansfield School District,2009-10,250,1271,19.7
79,Marlborough School District,2009-10,32,669,4.8
80,Meriden School District,2009-10,5198,8361,62.2
83,Middletown School District,2009-10,2052,5165,39.7
84,Milford School District,2009-10,1199,7135,16.8
85,Monroe School District,2009-10,204,3894,5.2
86,Montville School District,2009-10,657,2668,24.6
88,Naugatuck School District,2009-10,1763,4780,36.9
280,"New Beginnings Inc., Family Academy District",2009-10,278,360,77.2
89,New Britain School District,2009-10,7796,10155,76.8
91,New Fairfield School District,2009-10,210,3029,6.9
92,New Hartford School District,2009-10,51,625,8.2
93,New Haven School District,2009-10,15048,18726,80.4
95,New London School District,2009-10,2823,2977,94.8
96,New Milford School District,2009-10,676,4857,13.9
94,Newington School District,2009-10,794,4467,17.8
97,Newtown School District,2009-10,254,5403,4.7
98,Norfolk School District,2009-10,11,137,8
99,North Branford School District,2009-10,283,2338,12.1
100,North Canaan School District,2009-10,50,328,15.2
101,North Haven School District,2009-10,301,3683,8.2
102,North Stonington School District,2009-10,147,791,18.6
103,Norwalk School District,2009-10,4301,10856,39.6
901,Norwich Free Academy,2009-10,432,2421,17.8
104,Norwich School District,2009-10,2507,3804,65.9
263,Odyssey Community School District,2009-10,72,180,40
106,Old Saybrook School District,2009-10,185,1591,11.6
107,Orange School District,2009-10,47,1297,3.6
108,Oxford School District,2009-10,163,2156,7.6
283,Park City Prep Charter School,2009-10,137,242,56.6
109,Plainfield School District,2009-10,889,2722,32.7
110,Plainville School District,2009-10,637,2482,25.7
111,Plymouth School District,2009-10,388,1782,21.8
112,Pomfret School District,2009-10,55,532,10.3
113,Portland School District,2009-10,145,1436,10.1
114,Preston School District,2009-10,58,431,13.5
116,Putnam School District,2009-10,651,1225,53.1
117,Redding School District,2009-10,19,1265,1.5
201,Regional School District 01,2009-10,74,510,14.5
204,Regional School District 04,2009-10,78,972,8
205,Regional School District 05,2009-10,24,2483,1
206,Regional School District 06,2009-10,95,1057,9
207,Regional School District 07,2009-10,70,1099,6.4
208,Regional School District 08,2009-10,108,1729,6.2
209,Regional School District 09,2009-10,7,958,0.7
210,Regional School District 10,2009-10,103,2817,3.7
211,Regional School District 11,2009-10,48,291,16.5
212,Regional School District 12,2009-10,47,939,5
213,Regional School District 13,2009-10,94,2084,4.5
214,Regional School District 14,2009-10,157,2085,7.5
215,Regional School District 15,2009-10,140,4542,3.1
216,Regional School District 16,2009-10,293,2585,11.3
217,Regional School District 17,2009-10,162,2500,6.5
218,Regional School District 18,2009-10,112,1481,7.6
219,Regional School District 19,2009-10,145,1197,12.1
118,Ridgefield School District,2009-10,108,5442,2
119,Rocky Hill School District,2009-10,232,2640,8.8
121,Salem School District,2009-10,23,490,4.7
122,Salisbury School District,2009-10,28,311,9
123,Scotland School District,2009-10,31,161,19.3
124,Seymour School District,2009-10,541,2426,22.3
125,Sharon School District,2009-10,34,205,16.6
126,Shelton School District,2009-10,850,5458,15.6
127,Sherman School District,2009-10,13,444,2.9
270,Side By Side Community School District,2009-10,112,232,48.3
128,Simsbury School District,2009-10,312,4865,6.4
129,Somers School District,2009-10,96,1650,5.8
132,South Windsor School District,2009-10,401,4654,8.6
131,Southington School District,2009-10,659,6798,9.7
133,Sprague School District,2009-10,127,351,36.2
134,Stafford School District,2009-10,469,1839,25.5
282,Stamford Academy,2009-10,111,131,84.7
135,Stamford School District,2009-10,5998,14995,40
136,Sterling School District,2009-10,160,507,31.6
137,Stonington School District,2009-10,253,2499,10.1
138,Stratford School District,2009-10,2167,7309,29.6
139,Suffield School District,2009-10,174,2558,6.8
269,The Bridge Academy District,2009-10,205,263,77.9
902,The Gilbert School,2009-10,122,381,32
140,Thomaston School District,2009-10,212,1168,18.2
141,Thompson School District,2009-10,382,1324,28.9
142,Tolland School District,2009-10,118,3152,3.7
143,Torrington School District,2009-10,1771,4631,38.2
278,Trailblazers Academy District,2009-10,141,164,86
144,Trumbull School District,2009-10,405,6739,6
145,Union School District,2009-10,1,78,1.3
146,Vernon School District,2009-10,1024,3669,27.9
147,Voluntown School District,2009-10,60,300,20
148,Wallingford School District,2009-10,727,6646,10.9
151,Waterbury School District,2009-10,14069,17666,79.6
152,Waterford School District,2009-10,363,2866,12.7
153,Watertown School District,2009-10,499,3237,15.4
155,West Hartford School District,2009-10,1816,10171,17.9
156,West Haven School District,2009-10,2819,6234,45.2
154,Westbrook School District,2009-10,106,972,10.9
157,Weston School District,2009-10,34,2552,1.3
158,Westport School District,2009-10,153,5661,2.7
159,Wethersfield School District,2009-10,609,3810,16
160,Willington School District,2009-10,73,543,13.4
161,Wilton School District,2009-10,46,4341,1.1
162,Winchester School District,2009-10,434,961,45.2
163,Windham School District,2009-10,2344,3196,73.3
165,Windsor Locks School District,2009-10,552,1802,30.6
164,Windsor School District,2009-10,1066,3758,28.4
166,Wolcott School District,2009-10,485,2751,17.6
167,Woodbridge School District,2009-10,28,733,3.8
903,Woodstock Academy,2009-10,86,1153,7.5
169,Woodstock School District,2009-10,106,917,11.6
288,Achievement First Hartford Academy Inc.,2008-09,163,254,64.2
279,Amistad Academy District,2008-09,369,641,57.6
1,Andover School District,2008-09,22,334,6.6
2,Ansonia School District,2008-09,1455,2674,54.4
244,Area Cooperative Educational Services,2008-09,650,1463,44.4
3,Ashford School District,2008-09,92,485,19
4,Avon School District,2008-09,113,3558,3.2
5,Barkhamsted School District,2008-09,25,341,7.3
7,Berlin School District,2008-09,226,3218,7
8,Bethany School District,2008-09,15,549,2.7
9,Bethel School District,2008-09,339,3073,11
11,Bloomfield School District,2008-09,991,2158,45.9
12,Bolton School District,2008-09,55,861,6.4
13,Bozrah School District,2008-09,33,256,12.9
14,Branford School District,2008-09,602,3402,17.7
285,Bridgeport Achievement First,2008-09,115,160,71.9
15,Bridgeport School District,2008-09,19855,20254,98
17,Bristol School District,2008-09,3221,8789,36.6
18,Brookfield School District,2008-09,81,2945,2.8
19,Brooklyn School District,2008-09,199,981,20.3
21,Canaan School District,2008-09,8,85,9.4
22,Canterbury School District,2008-09,107,599,17.9
23,Canton School District,2008-09,60,1748,3.4
241,Capitol Region Education Council,2008-09,1000,3035,32.9
24,Chaplin School District,2008-09,40,178,22.5
25,Cheshire School District,2008-09,261,4982,5.2
26,Chester School District,2008-09,20,319,6.3
27,Clinton School District,2008-09,245,2084,11.8
28,Colchester School District,2008-09,330,3180,10.4
29,Colebrook School District,2008-09,13,116,11.2
30,Columbia School District,2008-09,42,574,7.3
268,Common Ground High School District,2008-09,105,155,67.7
900,Connecticut Technical High School System,2008-09,3509,10257,34.2
243,Cooperative Educational Services,2008-09,93,430,21.6
31,Cornwall School District,2008-09,11,122,9
32,Coventry School District,2008-09,235,1938,12.1
33,Cromwell School District,2008-09,233,2019,11.5
34,Danbury School District,2008-09,2954,10041,29.4
35,Darien School District,2008-09,79,4721,1.7
36,Deep River School District,2008-09,38,353,10.8
37,Derby School District,2008-09,678,1462,46.4
40,East Granby School District,2008-09,11,898,1.2
41,East Haddam School District,2008-09,124,1423,8.7
42,East Hampton School District,2008-09,151,2048,7.4
43,East Hartford School District,2008-09,4175,6788,61.5
44,East Haven School District,2008-09,1152,3530,32.6
45,East Lyme School District,2008-09,188,3098,6.1
47,East Windsor School District,2008-09,391,1435,27.2
253,Eastern Connecticut Regional Educational Service Center,2008-09,30,99,30.3
39,Eastford School District,2008-09,20,185,10.8
46,Easton School District,2008-09,17,1156,1.5
48,Ellington School District,2008-09,157,2634,6
289,Elm City College Preparatory School,2008-09,340,509,66.8
49,Enfield School District,2008-09,1551,6184,25.1
50,Essex School District,2008-09,25,594,4.2
272,Explorations District,2008-09,25,85,29.4
51,Fairfield School District,2008-09,689,9827,7
52,Farmington School District,2008-09,261,4120,6.3
53,Franklin School District,2008-09,20,225,8.9
54,Glastonbury School District,2008-09,379,6848,5.5
56,Granby School District,2008-09,86,2270,3.8
57,Greenwich School District,2008-09,925,8869,10.4
58,Griswold School District,2008-09,573,2115,27.1
59,Groton School District,2008-09,1512,5134,29.5
60,Guilford School District,2008-09,207,3765,5.5
62,Hamden School District,2008-09,1987,5974,33.3
63,Hampton School District,2008-09,25,149,16.8
64,Hartford School District,2008-09,19788,21461,92.2
67,Hebron School District,2008-09,44,1172,3.8
286,Highville Charter School District,2008-09,190,300,63.3
264,Integrated Day Charter School District,2008-09,68,330,20.6
265,Interdistrict School for Arts and Comm District,2008-09,115,182,63.2
261,Jumoke Academy District,2008-09,200,412,48.5
68,Kent School District,2008-09,31,284,10.9
69,Killingly School District,2008-09,1025,2622,39.1
245,Learn,2008-09,379,1009,37.6
71,Lebanon School District,2008-09,189,1533,12.3
72,Ledyard School District,2008-09,217,2739,7.9
73,Lisbon School District,2008-09,74,562,13.2
74,Litchfield School District,2008-09,92,1202,7.7
76,Madison School District,2008-09,80,3709,2.2
77,Manchester School District,2008-09,2896,6771,42.8
78,Mansfield School District,2008-09,213,1277,16.7
79,Marlborough School District,2008-09,31,673,4.6
80,Meriden School District,2008-09,5083,8611,59
83,Middletown School District,2008-09,1860,5113,36.4
84,Milford School District,2008-09,1159,7303,15.9
85,Monroe School District,2008-09,210,4045,5.2
86,Montville School District,2008-09,582,2754,21.1
88,Naugatuck School District,2008-09,1683,4713,35.7
280,"New Beginnings Inc., Family Academy District",2008-09,269,358,75.1
89,New Britain School District,2008-09,7481,10407,71.9
91,New Fairfield School District,2008-09,185,3052,6.1
92,New Hartford School District,2008-09,35,613,5.7
93,New Haven School District,2008-09,13688,18751,73
95,New London School District,2008-09,2159,3069,70.3
96,New Milford School District,2008-09,499,4894,10.2
94,Newington School District,2008-09,710,4510,15.7
97,Newtown School District,2008-09,216,5518,3.9
98,Norfolk School District,2008-09,20,154,13
99,North Branford School District,2008-09,242,2398,10.1
100,North Canaan School District,2008-09,60,338,17.8
101,North Haven School District,2008-09,321,3807,8.4
102,North Stonington School District,2008-09,125,795,15.7
103,Norwalk School District,2008-09,3234,10745,30.1
901,Norwich Free Academy,2008-09,366,2489,14.7
104,Norwich School District,2008-09,2465,3862,63.8
263,Odyssey Community School District,2008-09,60,178,33.7
106,Old Saybrook School District,2008-09,152,1621,9.4
107,Orange School District,2008-09,38,1316,2.9
108,Oxford School District,2008-09,121,2014,6
283,Park City Prep Charter School,2008-09,122,224,54.5
109,Plainfield School District,2008-09,847,2703,31.3
110,Plainville School District,2008-09,456,2479,18.4
111,Plymouth School District,2008-09,340,1848,18.4
112,Pomfret School District,2008-09,49,540,9.1
113,Portland School District,2008-09,162,1429,11.3
114,Preston School District,2008-09,61,488,12.5
116,Putnam School District,2008-09,661,1241,53.3
117,Redding School District,2008-09,10,1301,0.8
201,Regional School District 01,2008-09,66,555,11.9
204,Regional School District 04,2008-09,68,949,7.2
205,Regional School District 05,2008-09,50,2488,2
206,Regional School District 06,2008-09,101,1072,9.4
207,Regional School District 07,2008-09,56,1110,5
208,Regional School District 08,2008-09,73,1744,4.2
209,Regional School District 09,2008-09,8,957,0.8
210,Regional School District 10,2008-09,111,2847,3.9
211,Regional School District 11,2008-09,50,309,16.2
212,Regional School District 12,2008-09,45,990,4.5
213,Regional School District 13,2008-09,92,2126,4.3
214,Regional School District 14,2008-09,151,2117,7.1
215,Regional School District 15,2008-09,78,4544,1.7
216,Regional School District 16,2008-09,255,2609,9.8
217,Regional School District 17,2008-09,95,2545,3.7
218,Regional School District 18,2008-09,79,1463,5.4
219,Regional School District 19,2008-09,98,1173,8.4
118,Ridgefield School District,2008-09,78,5538,1.4
119,Rocky Hill School District,2008-09,166,2613,6.4
121,Salem School District,2008-09,33,520,6.3
122,Salisbury School District,2008-09,28,319,8.8
123,Scotland School District,2008-09,44,190,23.2
124,Seymour School District,2008-09,441,2568,17.2
125,Sharon School District,2008-09,29,196,14.8
126,Shelton School District,2008-09,716,5547,12.9
127,Sherman School District,2008-09,9,458,2
270,Side By Side Community School District,2008-09,103,229,45
128,Simsbury School District,2008-09,257,4932,5.2
129,Somers School District,2008-09,92,1717,5.4
132,South Windsor School District,2008-09,281,4795,5.9
131,Southington School District,2008-09,514,6826,7.5
133,Sprague School District,2008-09,126,354,35.6
134,Stafford School District,2008-09,482,1903,25.3
282,Stamford Academy,2008-09,112,131,85.5
135,Stamford School District,2008-09,6441,14797,43.5
136,Sterling School District,2008-09,145,513,28.3
137,Stonington School District,2008-09,334,2494,13.4
138,Stratford School District,2008-09,1771,7288,24.3
139,Suffield School District,2008-09,119,2594,4.6
269,The Bridge Academy District,2008-09,189,262,72.1
902,The Gilbert School,2008-09,110,400,27.5
140,Thomaston School District,2008-09,164,1219,13.5
141,Thompson School District,2008-09,341,1389,24.6
142,Tolland School District,2008-09,141,3147,4.5
143,Torrington School District,2008-09,1491,4636,32.2
278,Trailblazers Academy District,2008-09,108,150,72
144,Trumbull School District,2008-09,198,6690,3
145,Union School District,2008-09,2,78,2.6
146,Vernon School District,2008-09,899,3583,25.1
147,Voluntown School District,2008-09,61,306,19.9
148,Wallingford School District,2008-09,628,6765,9.3
151,Waterbury School District,2008-09,13285,17833,74.5
152,Waterford School District,2008-09,302,2879,10.5
153,Watertown School District,2008-09,484,3336,14.5
155,West Hartford School District,2008-09,1712,10067,17
156,West Haven School District,2008-09,2927,6230,47
154,Westbrook School District,2008-09,89,968,9.2
157,Weston School District,2008-09,16,2585,0.6
158,Westport School District,2008-09,99,5709,1.7
159,Wethersfield School District,2008-09,455,3812,11.9
160,Willington School District,2008-09,59,565,10.4
161,Wilton School District,2008-09,34,4378,0.8
162,Winchester School District,2008-09,422,981,43
163,Windham School District,2008-09,2283,3214,71
165,Windsor Locks School District,2008-09,506,1845,27.4
164,Windsor School District,2008-09,1096,3969,27.6
166,Wolcott School District,2008-09,456,2855,16
167,Woodbridge School District,2008-09,27,755,3.6
903,Woodstock Academy,2008-09,32,1184,2.7
169,Woodstock School District,2008-09,101,926,10.9
279,Amistad Academy District,2007-08,310,547,56.7
1,Andover School District,2007-08,14,347,4
2,Ansonia School District,2007-08,1310,2730,48
244,Area Cooperative Educational Services,2007-08,473,1456,32.5
3,Ashford School District,2007-08,71,500,14.2
4,Avon School District,2007-08,98,3600,2.7
5,Barkhamsted School District,2007-08,17,328,5.2
7,Berlin School District,2007-08,201,3267,6.2
8,Bethany School District,2007-08,16,569,2.8
9,Bethel School District,2007-08,262,3142,8.3
11,Bloomfield School District,2007-08,885,2216,39.9
12,Bolton School District,2007-08,51,872,5.8
13,Bozrah School District,2007-08,36,264,13.6
14,Branford School District,2007-08,453,3418,13.3
285,Bridgeport Achievement First,2007-08,61,85,71.8
15,Bridgeport School District,2007-08,20201,20658,97.8
17,Bristol School District,2007-08,2835,8893,31.9
18,Brookfield School District,2007-08,74,2947,2.5
19,Brooklyn School District,2007-08,158,964,16.4
21,Canaan School District,2007-08,12,101,11.9
22,Canterbury School District,2007-08,90,577,15.6
23,Canton School District,2007-08,48,1725,2.8
241,Capitol Region Education Council,2007-08,676,2405,28.1
24,Chaplin School District,2007-08,41,210,19.5
25,Cheshire School District,2007-08,172,5096,3.4
26,Chester School District,2007-08,18,341,5.3
27,Clinton School District,2007-08,170,2106,8.1
28,Colchester School District,2007-08,263,3238,8.1
29,Colebrook School District,2007-08,13,122,10.7
30,Columbia School District,2007-08,33,588,5.6
268,Common Ground High School District,2007-08,100,153,65.4
900,Connecticut Technical High School System,2007-08,2683,9970,26.9
243,Cooperative Educational Services,2007-08,137,433,31.6
31,Cornwall School District,2007-08,7,129,5.4
32,Coventry School District,2007-08,189,1997,9.5
33,Cromwell School District,2007-08,223,1988,11.2
34,Danbury School District,2007-08,3294,9867,33.4
35,Darien School District,2007-08,81,4648,1.7
36,Deep River School District,2007-08,38,388,9.8
37,Derby School District,2007-08,589,1466,40.2
40,East Granby School District,2007-08,10,910,1.1
41,East Haddam School District,2007-08,83,1419,5.8
42,East Hampton School District,2007-08,154,2068,7.4
43,East Hartford School District,2007-08,3173,6959,45.6
44,East Haven School District,2007-08,1047,3641,28.8
45,East Lyme School District,2007-08,171,3200,5.3
47,East Windsor School District,2007-08,378,1469,25.7
253,Eastern Connecticut Regional Educational Service Center,2007-08,3,20,15
39,Eastford School District,2007-08,14,187,7.5
46,Easton School District,2007-08,6,1177,0.5
48,Ellington School District,2007-08,122,2598,4.7
289,Elm City College Preparatory School,2007-08,345,476,72.5
49,Enfield School District,2007-08,1416,6253,22.6
50,Essex School District,2007-08,18,549,3.3
272,Explorations District,2007-08,26,86,30.2
51,Fairfield School District,2007-08,492,9655,5.1
52,Farmington School District,2007-08,224,4136,5.4
53,Franklin School District,2007-08,22,233,9.4
54,Glastonbury School District,2007-08,312,6838,4.6
56,Granby School District,2007-08,104,2324,4.5
57,Greenwich School District,2007-08,798,8970,8.9
58,Griswold School District,2007-08,546,2137,25.5
59,Groton School District,2007-08,1500,5160,29.1
60,Guilford School District,2007-08,163,3815,4.3
62,Hamden School District,2007-08,1496,6161,24.3
63,Hampton School District,2007-08,11,166,6.6
64,Hartford School District,2007-08,21686,22255,97.4
65,Hartland School District,2007-08,2,235,0.9
67,Hebron School District,2007-08,48,1204,4
286,Highville Charter School District,2007-08,133,277,48
264,Integrated Day Charter School District,2007-08,74,330,22.4
265,Interdistrict School for Arts and Comm District,2007-08,109,181,60.2
261,Jumoke Academy District,2007-08,369,369,100
68,Kent School District,2007-08,21,257,8.2
69,Killingly School District,2007-08,942,2637,35.7
245,Learn,2007-08,434,1043,41.6
71,Lebanon School District,2007-08,132,1522,8.7
72,Ledyard School District,2007-08,325,2872,11.3
73,Lisbon School District,2007-08,75,575,13
74,Litchfield School District,2007-08,75,1211,6.2
76,Madison School District,2007-08,47,3770,1.2
77,Manchester School District,2007-08,2415,6695,36.1
78,Mansfield School District,2007-08,188,1301,14.5
79,Marlborough School District,2007-08,23,660,3.5
80,Meriden School District,2007-08,4923,8812,55.9
83,Middletown School District,2007-08,1629,5019,32.5
84,Milford School District,2007-08,1053,7384,14.3
85,Monroe School District,2007-08,133,4221,3.2
86,Montville School District,2007-08,449,2836,15.8
88,Naugatuck School District,2007-08,1462,4807,30.4
280,"New Beginnings Inc., Family Academy District",2007-08,195,361,54
89,New Britain School District,2007-08,6651,10615,62.7
91,New Fairfield School District,2007-08,124,3046,4.1
92,New Hartford School District,2007-08,28,609,4.6
93,New Haven School District,2007-08,13381,18869,70.9
95,New London School District,2007-08,2123,2880,73.7
96,New Milford School District,2007-08,468,5012,9.3
94,Newington School District,2007-08,726,4549,16
97,Newtown School District,2007-08,146,5566,2.6
98,Norfolk School District,2007-08,18,164,11
99,North Branford School District,2007-08,260,2431,10.7
100,North Canaan School District,2007-08,64,359,17.8
101,North Haven School District,2007-08,320,3862,8.3
102,North Stonington School District,2007-08,136,805,16.9
103,Norwalk School District,2007-08,3150,10595,29.7
901,Norwich Free Academy,2007-08,533,2450,21.8
104,Norwich School District,2007-08,2160,3934,54.9
263,Odyssey Community School District,2007-08,37,177,20.9
106,Old Saybrook School District,2007-08,132,1609,8.2
107,Orange School District,2007-08,40,1371,2.9
108,Oxford School District,2007-08,121,1851,6.5
283,Park City Prep Charter School,2007-08,111,206,53.9
109,Plainfield School District,2007-08,788,2779,28.4
110,Plainville School District,2007-08,421,2560,16.4
111,Plymouth School District,2007-08,311,1893,16.4
112,Pomfret School District,2007-08,44,539,8.2
113,Portland School District,2007-08,144,1425,10.1
114,Preston School District,2007-08,57,504,11.3
116,Putnam School District,2007-08,571,1308,43.7
117,Redding School District,2007-08,14,1308,1.1
201,Regional School District 01,2007-08,67,561,11.9
204,Regional School District 04,2007-08,73,953,7.7
205,Regional School District 05,2007-08,46,2467,1.9
206,Regional School District 06,2007-08,81,1107,7.3
207,Regional School District 07,2007-08,43,1099,3.9
208,Regional School District 08,2007-08,51,1664,3.1
209,Regional School District 09,2007-08,5,962,0.5
210,Regional School District 10,2007-08,84,2844,3
211,Regional School District 11,2007-08,48,291,16.5
212,Regional School District 12,2007-08,34,1036,3.3
213,Regional School District 13,2007-08,104,2144,4.9
214,Regional School District 14,2007-08,120,2192,5.5
215,Regional School District 15,2007-08,100,4566,2.2
216,Regional School District 16,2007-08,212,2685,7.9
217,Regional School District 17,2007-08,82,2551,3.2
218,Regional School District 18,2007-08,49,1533,3.2
219,Regional School District 19,2007-08,78,1184,6.6
118,Ridgefield School District,2007-08,56,5535,1
119,Rocky Hill School District,2007-08,201,2603,7.7
121,Salem School District,2007-08,29,506,5.7
122,Salisbury School District,2007-08,25,307,8.1
123,Scotland School District,2007-08,44,190,23.2
124,Seymour School District,2007-08,373,2601,14.3
125,Sharon School District,2007-08,30,219,13.7
126,Shelton School District,2007-08,636,5644,11.3
127,Sherman School District,2007-08,10,456,2.2
270,Side By Side Community School District,2007-08,92,230,40
128,Simsbury School District,2007-08,183,4951,3.7
129,Somers School District,2007-08,75,1724,4.4
132,South Windsor School District,2007-08,268,4934,5.4
131,Southington School District,2007-08,559,6893,8.1
133,Sprague School District,2007-08,100,351,28.5
134,Stafford School District,2007-08,417,1905,21.9
282,Stamford Academy,2007-08,119,132,90.2
135,Stamford School District,2007-08,6066,14785,41
136,Sterling School District,2007-08,133,503,26.4
137,Stonington School District,2007-08,234,2508,9.3
138,Stratford School District,2007-08,2293,7375,31.1
139,Suffield School District,2007-08,123,2585,4.8
269,The Bridge Academy District,2007-08,199,261,76.2
902,The Gilbert School,2007-08,93,408,22.8
140,Thomaston School District,2007-08,174,1268,13.7
141,Thompson School District,2007-08,360,1477,24.4
142,Tolland School District,2007-08,107,3129,3.4
143,Torrington School District,2007-08,1466,4749,30.9
278,Trailblazers Academy District,2007-08,93,150,62
144,Trumbull School District,2007-08,234,6686,3.5
145,Union School District,2007-08,3,72,4.2
146,Vernon School District,2007-08,1021,3661,27.9
147,Voluntown School District,2007-08,54,309,17.5
148,Wallingford School District,2007-08,511,6772,7.5
151,Waterbury School District,2007-08,12866,17834,72.1
152,Waterford School District,2007-08,262,2930,8.9
153,Watertown School District,2007-08,405,3402,11.9
155,West Hartford School District,2007-08,1507,9992,15.1
156,West Haven School District,2007-08,2752,6376,43.2
154,Westbrook School District,2007-08,84,980,8.6
157,Weston School District,2007-08,17,2552,0.7
158,Westport School District,2007-08,107,5616,1.9
159,Wethersfield School District,2007-08,441,3810,11.6
160,Willington School District,2007-08,65,599,10.9
161,Wilton School District,2007-08,27,4362,0.6
162,Winchester School District,2007-08,378,1038,36.4
163,Windham School District,2007-08,2171,3302,65.7
165,Windsor Locks School District,2007-08,410,1832,22.4
164,Windsor School District,2007-08,1020,4090,24.9
166,Wolcott School District,2007-08,401,2919,13.7
167,Woodbridge School District,2007-08,28,786,3.6
903,Woodstock Academy,2007-08,38,1153,3.3
169,Woodstock School District,2007-08,89,946,9.4
279,Amistad Academy District,2006-07,307,403,76.2
1,Andover School District,2006-07,24,341,7
2,Ansonia School District,2006-07,1300,2726,47.7
244,Area Cooperative Educational Services,2006-07,576,1479,38.9
3,Ashford School District,2006-07,82,524,15.6
4,Avon School District,2006-07,82,3506,2.3
5,Barkhamsted School District,2006-07,19,336,5.7
7,Berlin School District,2006-07,190,3274,5.8
8,Bethany School District,2006-07,11,557,2
9,Bethel School District,2006-07,234,3230,7.2
11,Bloomfield School District,2006-07,987,2238,44.1
12,Bolton School District,2006-07,57,915,6.2
13,Bozrah School District,2006-07,70,273,25.6
14,Branford School District,2006-07,444,3517,12.6
15,Bridgeport School District,2006-07,20004,21072,94.9
17,Bristol School District,2006-07,2683,9018,29.8
18,Brookfield School District,2006-07,90,3031,3
19,Brooklyn School District,2006-07,187,1022,18.3
21,Canaan School District,2006-07,11,101,10.9
22,Canterbury School District,2006-07,72,546,13.2
23,Canton School District,2006-07,60,1729,3.5
241,Capitol Region Education Council,2006-07,718,2342,30.7
24,Chaplin School District,2006-07,44,211,20.9
25,Cheshire School District,2006-07,171,5139,3.3
26,Chester School District,2006-07,16,335,4.8
27,Clinton School District,2006-07,166,2117,7.8
28,Colchester School District,2006-07,205,3242,6.3
29,Colebrook School District,2006-07,16,121,13.2
30,Columbia School District,2006-07,23,636,3.6
268,Common Ground High School District,2006-07,105,145,72.4
900,Connecticut Technical High School System,2006-07,3206,10026,32
243,Cooperative Educational Services,2006-07,134,412,32.5
31,Cornwall School District,2006-07,7,129,5.4
32,Coventry School District,2006-07,217,2034,10.7
33,Cromwell School District,2006-07,210,2008,10.5
284,Cross Cultural Academy,2006-07,50,50,100
34,Danbury School District,2006-07,2955,9715,30.4
35,Darien School District,2006-07,87,4614,1.9
36,Deep River School District,2006-07,43,378,11.4
37,Derby School District,2006-07,629,1461,43.1
40,East Granby School District,2006-07,12,934,1.3
41,East Haddam School District,2006-07,76,1406,5.4
42,East Hampton School District,2006-07,162,2087,7.8
43,East Hartford School District,2006-07,3658,7330,49.9
44,East Haven School District,2006-07,1000,3703,27
45,East Lyme School District,2006-07,153,3163,4.8
47,East Windsor School District,2006-07,300,1520,19.7
39,Eastford School District,2006-07,23,173,13.3
46,Easton School District,2006-07,4,1149,0.3
48,Ellington School District,2006-07,112,2535,4.4
289,Elm City College Preparatory School,2006-07,270,368,73.4
49,Enfield School District,2006-07,1423,6387,22.3
50,Essex School District,2006-07,18,550,3.3
272,Explorations District,2006-07,10,83,12
51,Fairfield School District,2006-07,567,9372,6
52,Farmington School District,2006-07,208,4199,5
53,Franklin School District,2006-07,15,238,6.3
54,Glastonbury School District,2006-07,259,6766,3.8
56,Granby School District,2006-07,77,2278,3.4
57,Greenwich School District,2006-07,700,8959,7.8
58,Griswold School District,2006-07,423,2216,19.1
59,Groton School District,2006-07,1435,5238,27.4
60,Guilford School District,2006-07,137,3782,3.6
62,Hamden School District,2006-07,1760,6167,28.5
63,Hampton School District,2006-07,15,165,9.1
64,Hartford School District,2006-07,15551,22147,70.2
65,Hartland School District,2006-07,2,227,0.9
67,Hebron School District,2006-07,40,1204,3.3
277,Highville Mustard Seed Charter School District,2006-07,113,299,37.8
264,Integrated Day Charter School District,2006-07,82,319,25.7
265,Interdistrict School for Arts and Comm District,2006-07,100,181,55.2
261,Jumoke Academy District,2006-07,325,325,100
68,Kent School District,2006-07,29,270,10.7
69,Killingly School District,2006-07,918,2696,34.1
245,Learn,2006-07,360,1007,35.7
71,Lebanon School District,2006-07,125,1540,8.1
72,Ledyard School District,2006-07,190,2916,6.5
73,Lisbon School District,2006-07,94,610,15.4
74,Litchfield School District,2006-07,61,1261,4.8
76,Madison School District,2006-07,71,3837,1.9
77,Manchester School District,2006-07,2417,6966,34.7
78,Mansfield School District,2006-07,200,1333,15
79,Marlborough School District,2006-07,22,651,3.4
80,Meriden School District,2006-07,5116,8864,57.7
83,Middletown School District,2006-07,1654,5075,32.6
84,Milford School District,2006-07,1062,7504,14.2
85,Monroe School District,2006-07,142,4364,3.3
86,Montville School District,2006-07,489,2924,16.7
88,Naugatuck School District,2006-07,1484,4972,29.8
280,"New Beginnings Inc., Family Academy District",2006-07,141,302,46.7
89,New Britain School District,2006-07,6810,10865,62.7
91,New Fairfield School District,2006-07,185,3065,6
92,New Hartford School District,2006-07,21,613,3.4
93,New Haven School District,2006-07,15049,19464,77.3
95,New London School District,2006-07,1941,2947,65.9
96,New Milford School District,2006-07,435,5039,8.6
94,Newington School District,2006-07,685,4591,14.9
97,Newtown School District,2006-07,138,5609,2.5
98,Norfolk School District,2006-07,11,173,6.4
99,North Branford School District,2006-07,242,2449,9.9
100,North Canaan School District,2006-07,84,369,22.8
101,North Haven School District,2006-07,271,3962,6.8
102,North Stonington School District,2006-07,129,809,15.9
103,Norwalk School District,2006-07,2453,10743,22.8
901,Norwich Free Academy,2006-07,468,2489,18.8
104,Norwich School District,2006-07,1897,3904,48.6
263,Odyssey Community School District,2006-07,29,174,16.7
106,Old Saybrook School District,2006-07,122,1582,7.7
107,Orange School District,2006-07,49,1396,3.5
108,Oxford School District,2006-07,90,1575,5.7
283,Park City Prep Charter School,2006-07,99,176,56.3
109,Plainfield School District,2006-07,854,2803,30.5
110,Plainville School District,2006-07,469,2597,18.1
111,Plymouth School District,2006-07,268,1917,14
112,Pomfret School District,2006-07,48,540,8.9
113,Portland School District,2006-07,143,1451,9.9
114,Preston School District,2006-07,57,498,11.4
116,Putnam School District,2006-07,592,1339,44.2
117,Redding School District,2006-07,14,1287,1.1
201,Regional School District 01,2006-07,71,565,12.6
204,Regional School District 04,2006-07,69,946,7.3
205,Regional School District 05,2006-07,46,2509,1.8
206,Regional School District 06,2006-07,82,1077,7.6
207,Regional School District 07,2006-07,23,1105,2.1
208,Regional School District 08,2006-07,59,1645,3.6
209,Regional School District 09,2006-07,2,962,0.2
210,Regional School District 10,2006-07,87,2824,3.1
211,Regional School District 11,2006-07,48,325,14.8
212,Regional School District 12,2006-07,28,1062,2.6
213,Regional School District 13,2006-07,103,2167,4.8
214,Regional School District 14,2006-07,104,2273,4.6
215,Regional School District 15,2006-07,74,4572,1.6
216,Regional School District 16,2006-07,220,2682,8.2
217,Regional School District 17,2006-07,140,2502,5.6
218,Regional School District 18,2006-07,58,1521,3.8
219,Regional School District 19,2006-07,82,1201,6.8
118,Ridgefield School District,2006-07,58,5575,1
119,Rocky Hill School District,2006-07,159,2576,6.2
121,Salem School District,2006-07,24,530,4.5
122,Salisbury School District,2006-07,31,311,10
123,Scotland School District,2006-07,33,191,17.3
124,Seymour School District,2006-07,351,2737,12.8
125,Sharon School District,2006-07,35,231,15.2
126,Shelton School District,2006-07,555,5691,9.8
270,Side By Side Community School District,2006-07,87,235,37
128,Simsbury School District,2006-07,192,4992,3.8
129,Somers School District,2006-07,83,1734,4.8
132,South Windsor School District,2006-07,288,5027,5.7
131,Southington School District,2006-07,536,6934,7.7
133,Sprague School District,2006-07,82,337,24.3
134,Stafford School District,2006-07,403,1951,20.7
282,Stamford Academy,2006-07,113,122,92.6
135,Stamford School District,2006-07,5776,14975,38.6
136,Sterling School District,2006-07,106,478,22.2
137,Stonington School District,2006-07,269,2555,10.5
138,Stratford School District,2006-07,2223,7366,30.2
139,Suffield School District,2006-07,118,2596,4.5
269,The Bridge Academy District,2006-07,189,251,75.3
902,The Gilbert School,2006-07,102,466,21.9
140,Thomaston School District,2006-07,165,1274,13
141,Thompson School District,2006-07,320,1508,21.2
142,Tolland School District,2006-07,129,3142,4.1
143,Torrington School District,2006-07,1365,4858,28.1
278,Trailblazers Academy District,2006-07,115,150,76.7
144,Trumbull School District,2006-07,266,6719,4
145,Union School District,2006-07,4,69,5.8
146,Vernon School District,2006-07,972,3783,25.7
147,Voluntown School District,2006-07,106,311,34.1
148,Wallingford School District,2006-07,534,6914,7.7
151,Waterbury School District,2006-07,12587,17811,70.7
152,Waterford School District,2006-07,249,2967,8.4
153,Watertown School District,2006-07,422,3503,12
155,West Hartford School District,2006-07,1442,10117,14.3
156,West Haven School District,2006-07,2604,6735,38.7
154,Westbrook School District,2006-07,95,991,9.6
157,Weston School District,2006-07,15,2610,0.6
158,Westport School District,2006-07,93,5570,1.7
159,Wethersfield School District,2006-07,400,3832,10.4
160,Willington School District,2006-07,65,594,10.9
161,Wilton School District,2006-07,26,4371,0.6
162,Winchester School District,2006-07,326,1074,30.4
163,Windham School District,2006-07,2151,3376,63.7
165,Windsor Locks School District,2006-07,391,1907,20.5
164,Windsor School District,2006-07,1133,4145,27.3
166,Wolcott School District,2006-07,414,2919,14.2
167,Woodbridge School District,2006-07,20,793,2.5
903,Woodstock Academy,2006-07,48,1146,4.2
169,Woodstock School District,2006-07,83,963,8.6
279,Amistad Academy District,2005-06,226,270,83.7
1,Andover School District,2005-06,14,360,3.9
2,Ansonia School District,2005-06,1243,2714,45.8
244,Area Cooperative Educational Services,2005-06,546,1479,36.9
3,Ashford School District,2005-06,84,556,15.1
4,Avon School District,2005-06,54,3379,1.6
5,Barkhamsted School District,2005-06,18,340,5.3
7,Berlin School District,2005-06,149,3343,4.5
8,Bethany School District,2005-06,12,557,2.2
9,Bethel School District,2005-06,216,3221,6.7
11,Bloomfield School District,2005-06,875,2308,37.9
12,Bolton School District,2005-06,56,931,6
13,Bozrah School District,2005-06,53,277,19.1
14,Branford School District,2005-06,447,3550,12.6
15,Bridgeport School District,2005-06,21675,21675,100
17,Bristol School District,2005-06,2592,9021,28.7
18,Brookfield School District,2005-06,112,3078,3.6
19,Brooklyn School District,2005-06,167,1004,16.6
21,Canaan School District,2005-06,6,102,5.9
22,Canterbury School District,2005-06,71,572,12.4
23,Canton School District,2005-06,54,1719,3.1
241,Capitol Region Education Council,2005-06,659,2296,28.7
24,Chaplin School District,2005-06,43,232,18.5
25,Cheshire School District,2005-06,146,5151,2.8
26,Chester School District,2005-06,9,322,2.8
27,Clinton School District,2005-06,180,2174,8.3
28,Colchester School District,2005-06,142,3153,4.5
29,Colebrook School District,2005-06,7,116,6
30,Columbia School District,2005-06,30,647,4.6
268,Common Ground High School District,2005-06,108,136,79.4
900,Connecticut Technical High School System,2005-06,3448,10325,33.4
243,Cooperative Educational Services,2005-06,165,421,39.2
32,Coventry School District,2005-06,183,2086,8.8
33,Cromwell School District,2005-06,175,1967,8.9
34,Danbury School District,2005-06,3164,9586,33
35,Darien School District,2005-06,53,4475,1.2
36,Deep River School District,2005-06,31,382,8.1
37,Derby School District,2005-06,588,1485,39.6
40,East Granby School District,2005-06,4,905,0.4
41,East Haddam School District,2005-06,108,1406,7.7
42,East Hampton School District,2005-06,172,2109,8.2
43,East Hartford School District,2005-06,3446,7426,46.4
44,East Haven School District,2005-06,1019,3808,26.8
45,East Lyme School District,2005-06,134,3239,4.1
47,East Windsor School District,2005-06,331,1563,21.2
39,Eastford School District,2005-06,32,174,18.4
46,Easton School District,2005-06,8,1154,0.7
48,Ellington School District,2005-06,125,2494,5
289,Elm City College Preparatory School,2005-06,202,256,78.9
49,Enfield School District,2005-06,1331,6514,20.4
50,Essex School District,2005-06,16,552,2.9
272,Explorations District,2005-06,18,80,22.5
51,Fairfield School District,2005-06,559,9141,6.1
52,Farmington School District,2005-06,220,4277,5.1
53,Franklin School District,2005-06,17,231,7.4
54,Glastonbury School District,2005-06,285,6723,4.2
56,Granby School District,2005-06,49,2261,2.2
57,Greenwich School District,2005-06,624,8973,7
58,Griswold School District,2005-06,482,2229,21.6
59,Groton School District,2005-06,1365,5334,25.6
60,Guilford School District,2005-06,166,3839,4.3
62,Hamden School District,2005-06,1628,6197,26.3
63,Hampton School District,2005-06,18,166,10.8
64,Hartford School District,2005-06,14944,22012,67.9
67,Hebron School District,2005-06,45,1244,3.6
277,Highville Mustard Seed Charter School District,2005-06,211,302,69.9
264,Integrated Day Charter School District,2005-06,71,301,23.6
265,Interdistrict School for Arts and Comm District,2005-06,85,181,47
261,Jumoke Academy District,2005-06,300,300,100
68,Kent School District,2005-06,30,282,10.6
69,Killingly School District,2005-06,979,2808,34.9
245,Learn,2005-06,406,967,42
71,Lebanon School District,2005-06,119,1531,7.8
72,Ledyard School District,2005-06,179,2927,6.1
73,Lisbon School District,2005-06,94,588,16
74,Litchfield School District,2005-06,65,1296,5
76,Madison School District,2005-06,70,3834,1.8
77,Manchester School District,2005-06,2653,7099,37.4
78,Mansfield School District,2005-06,156,1314,11.9
79,Marlborough School District,2005-06,20,640,3.1
80,Meriden School District,2005-06,5012,8874,56.5
83,Middletown School District,2005-06,1673,5148,32.5
84,Milford School District,2005-06,1189,7569,15.7
85,Monroe School District,2005-06,96,4459,2.2
86,Montville School District,2005-06,430,2949,14.6
88,Naugatuck School District,2005-06,1322,5169,25.6
280,"New Beginnings Inc., Family Academy District",2005-06,161,261,61.7
89,New Britain School District,2005-06,6762,10870,62.2
90,New Canaan School District,2005-06,53,4140,1.3
91,New Fairfield School District,2005-06,167,3133,5.3
92,New Hartford School District,2005-06,29,631,4.6
93,New Haven School District,2005-06,12365,19648,62.9
95,New London School District,2005-06,2217,2962,74.8
96,New Milford School District,2005-06,424,5096,8.3
94,Newington School District,2005-06,628,4604,13.6
97,Newtown School District,2005-06,92,5606,1.6
98,Norfolk School District,2005-06,10,158,6.3
99,North Branford School District,2005-06,211,2512,8.4
100,North Canaan School District,2005-06,84,394,21.3
101,North Haven School District,2005-06,272,3925,6.9
102,North Stonington School District,2005-06,131,835,15.7
103,Norwalk School District,2005-06,3394,10891,31.2
901,Norwich Free Academy,2005-06,431,2561,16.8
104,Norwich School District,2005-06,2057,3897,52.8
263,Odyssey Community School District,2005-06,73,174,42
106,Old Saybrook School District,2005-06,109,1560,7
107,Orange School District,2005-06,35,1381,2.5
108,Oxford School District,2005-06,102,1535,6.6
109,Plainfield School District,2005-06,818,2660,30.8
110,Plainville School District,2005-06,457,2606,17.5
111,Plymouth School District,2005-06,277,1897,14.6
112,Pomfret School District,2005-06,44,542,8.1
113,Portland School District,2005-06,140,1402,10
114,Preston School District,2005-06,39,479,8.1
116,Putnam School District,2005-06,455,1259,36.1
117,Redding School District,2005-06,13,1276,1
201,Regional School District 01,2005-06,52,627,8.3
204,Regional School District 04,2005-06,65,931,7
205,Regional School District 05,2005-06,41,2455,1.7
206,Regional School District 06,2005-06,69,1111,6.2
207,Regional School District 07,2005-06,19,1098,1.7
208,Regional School District 08,2005-06,54,1619,3.3
209,Regional School District 09,2005-06,6,987,0.6
210,Regional School District 10,2005-06,85,2795,3
211,Regional School District 11,2005-06,62,347,17.9
212,Regional School District 12,2005-06,32,1105,2.9
213,Regional School District 13,2005-06,81,2169,3.7
214,Regional School District 14,2005-06,123,2296,5.4
215,Regional School District 15,2005-06,83,4547,1.8
216,Regional School District 16,2005-06,216,2665,8.1
217,Regional School District 17,2005-06,67,2469,2.7
218,Regional School District 18,2005-06,47,1542,3
219,Regional School District 19,2005-06,71,1270,5.6
118,Ridgefield School District,2005-06,57,5612,1
119,Rocky Hill School District,2005-06,174,2556,6.8
121,Salem School District,2005-06,9,545,1.7
122,Salisbury School District,2005-06,29,317,9.1
123,Scotland School District,2005-06,22,168,13.1
124,Seymour School District,2005-06,358,2687,13.3
125,Sharon School District,2005-06,34,239,14.2
126,Shelton School District,2005-06,615,5764,10.7
270,Side By Side Community School District,2005-06,91,235,38.7
128,Simsbury School District,2005-06,172,5057,3.4
129,Somers School District,2005-06,81,1743,4.6
132,South Windsor School District,2005-06,270,5084,5.3
131,Southington School District,2005-06,518,6842,7.6
133,Sprague School District,2005-06,85,344,24.7
134,Stafford School District,2005-06,392,1965,19.9
282,Stamford Academy,2005-06,102,113,90.3
135,Stamford School District,2005-06,6672,15092,44.2
136,Sterling School District,2005-06,78,487,16
137,Stonington School District,2005-06,307,2548,12
138,Stratford School District,2005-06,2567,7479,34.3
139,Suffield School District,2005-06,107,2533,4.2
269,The Bridge Academy District,2005-06,123,186,66.1
902,The Gilbert School,2005-06,99,479,20.7
140,Thomaston School District,2005-06,143,1299,11
141,Thompson School District,2005-06,310,1533,20.2
142,Tolland School District,2005-06,86,3156,2.7
143,Torrington School District,2005-06,1358,4930,27.5
278,Trailblazers Academy District,2005-06,105,132,79.5
144,Trumbull School District,2005-06,245,6713,3.6
145,Union School District,2005-06,2,74,2.7
146,Vernon School District,2005-06,743,3936,18.9
147,Voluntown School District,2005-06,61,298,20.5
148,Wallingford School District,2005-06,372,7010,5.3
151,Waterbury School District,2005-06,11666,17651,66.1
152,Waterford School District,2005-06,220,2988,7.4
153,Watertown School District,2005-06,404,3556,11.4
155,West Hartford School District,2005-06,1416,9986,14.2
156,West Haven School District,2005-06,2839,6882,41.3
154,Westbrook School District,2005-06,88,1014,8.7
157,Weston School District,2005-06,15,2569,0.6
158,Westport School District,2005-06,104,5448,1.9
159,Wethersfield School District,2005-06,376,3736,10.1
160,Willington School District,2005-06,58,594,9.8
161,Wilton School District,2005-06,25,4353,0.6
162,Winchester School District,2005-06,417,1089,38.3
163,Windham School District,2005-06,2263,3372,67.1
165,Windsor Locks School District,2005-06,395,1954,20.2
164,Windsor School District,2005-06,1088,4223,25.8
166,Wolcott School District,2005-06,442,2966,14.9
167,Woodbridge School District,2005-06,29,825,3.5
903,Woodstock Academy,2005-06,29,1141,2.5
169,Woodstock School District,2005-06,81,995,8.1
279,Amistad Academy District,2004-05,192,264,72.7
1,Andover School District,2004-05,21,383,5.5
2,Ansonia School District,2004-05,1253,2705,46.3
244,Area Cooperative Educational Services,2004-05,535,1493,35.8
3,Ashford School District,2004-05,89,577,15.4
4,Avon School District,2004-05,61,3310,1.8
5,Barkhamsted School District,2004-05,18,339,5.3
7,Berlin School District,2004-05,191,3352,5.7
8,Bethany School District,2004-05,19,583,3.3
9,Bethel School District,2004-05,210,3258,6.4
11,Bloomfield School District,2004-05,902,2366,38.1
12,Bolton School District,2004-05,94,933,10.1
13,Bozrah School District,2004-05,33,283,11.7
14,Branford School District,2004-05,465,3546,13.1
15,Bridgeport School District,2004-05,21629,22222,97.3
17,Bristol School District,2004-05,2476,9029,27.4
19,Brooklyn School District,2004-05,175,999,17.5
21,Canaan School District,2004-05,12,114,10.5
22,Canterbury School District,2004-05,70,573,12.2
23,Canton School District,2004-05,52,1699,3.1
241,Capitol Region Education Council,2004-05,585,2304,25.4
24,Chaplin School District,2004-05,33,233,14.2
25,Cheshire School District,2004-05,166,5150,3.2
26,Chester School District,2004-05,14,333,4.2
27,Clinton School District,2004-05,207,2167,9.6
28,Colchester School District,2004-05,143,3108,4.6
29,Colebrook School District,2004-05,8,121,6.6
30,Columbia School District,2004-05,16,659,2.4
268,Common Ground High School District,2004-05,108,135,80
900,Connecticut Technical High School System,2004-05,3768,10836,34.8
243,Cooperative Educational Services,2004-05,202,419,48.2
31,Cornwall School District,2004-05,3,142,2.1
32,Coventry School District,2004-05,199,2105,9.5
33,Cromwell School District,2004-05,203,1925,10.5
34,Danbury School District,2004-05,2637,9556,27.6
35,Darien School District,2004-05,66,4367,1.5
36,Deep River School District,2004-05,21,375,5.6
37,Derby School District,2004-05,558,1492,37.4
40,East Granby School District,2004-05,9,888,1
41,East Haddam School District,2004-05,124,1420,8.7
42,East Hampton School District,2004-05,171,2116,8.1
43,East Hartford School District,2004-05,3756,7406,50.7
44,East Haven School District,2004-05,1051,3872,27.1
45,East Lyme School District,2004-05,141,3235,4.4
47,East Windsor School District,2004-05,308,1586,19.4
39,Eastford School District,2004-05,18,182,9.9
46,Easton School District,2004-05,2,1137,0.2
48,Ellington School District,2004-05,121,2434,5
289,Elm City College Preparatory School,2004-05,116,151,76.8
49,Enfield School District,2004-05,1339,6584,20.3
50,Essex School District,2004-05,17,543,3.1
272,Explorations District,2004-05,24,78,30.8
51,Fairfield School District,2004-05,441,8895,5
52,Farmington School District,2004-05,200,4369,4.6
53,Franklin School District,2004-05,21,239,8.8
54,Glastonbury School District,2004-05,216,6628,3.3
56,Granby School District,2004-05,42,2225,1.9
57,Greenwich School District,2004-05,682,9100,7.5
58,Griswold School District,2004-05,328,2167,15.1
59,Groton School District,2004-05,1496,5589,26.8
60,Guilford School District,2004-05,150,3819,3.9
62,Hamden School District,2004-05,1601,6304,25.4
63,Hampton School District,2004-05,16,162,9.9
64,Hartford School District,2004-05,14840,22296,66.6
65,Hartland School District,2004-05,4,233,1.7
67,Hebron School District,2004-05,35,1198,2.9
277,Highville Mustard Seed Charter School District,2004-05,229,303,75.6
264,Integrated Day Charter School District,2004-05,53,300,17.7
265,Interdistrict School for Arts and Comm District,2004-05,66,165,40
261,Jumoke Academy District,2004-05,294,294,100
68,Kent School District,2004-05,25,308,8.1
69,Killingly School District,2004-05,1036,2883,35.9
245,Learn,2004-05,219,486,45.1
71,Lebanon School District,2004-05,144,1522,9.5
72,Ledyard School District,2004-05,178,3011,5.9
73,Lisbon School District,2004-05,98,628,15.6
74,Litchfield School District,2004-05,53,1363,3.9
76,Madison School District,2004-05,53,3773,1.4
77,Manchester School District,2004-05,2343,7361,31.8
78,Mansfield School District,2004-05,210,1376,15.3
79,Marlborough School District,2004-05,8,636,1.3
80,Meriden School District,2004-05,4834,8946,54
83,Middletown School District,2004-05,1685,5155,32.7
84,Milford School District,2004-05,1145,7525,15.2
85,Monroe School District,2004-05,85,4349,2
86,Montville School District,2004-05,394,2887,13.6
88,Naugatuck School District,2004-05,1417,5298,26.7
280,"New Beginnings Inc., Family Academy District",2004-05,148,228,64.9
89,New Britain School District,2004-05,6795,10863,62.6
90,New Canaan School District,2004-05,21,4067,0.5
91,New Fairfield School District,2004-05,135,3129,4.3
92,New Hartford School District,2004-05,26,632,4.1
93,New Haven School District,2004-05,14386,19825,72.6
95,New London School District,2004-05,1959,3055,64.1
96,New Milford School District,2004-05,325,5206,6.2
94,Newington School District,2004-05,620,4624,13.4
97,Newtown School District,2004-05,103,5452,1.9
98,Norfolk School District,2004-05,8,150,5.3
99,North Branford School District,2004-05,215,2525,8.5
100,North Canaan School District,2004-05,92,391,23.5
101,North Haven School District,2004-05,243,3807,6.4
102,North Stonington School District,2004-05,114,845,13.5
103,Norwalk School District,2004-05,2555,11039,23.1
901,Norwich Free Academy,2004-05,102,2424,4.2
104,Norwich School District,2004-05,2080,3991,52.1
263,Odyssey Community School District,2004-05,50,141,35.5
106,Old Saybrook School District,2004-05,127,1569,8.1
107,Orange School District,2004-05,15,1378,1.1
108,Oxford School District,2004-05,101,1486,6.8
109,Plainfield School District,2004-05,751,2618,28.7
110,Plainville School District,2004-05,419,2604,16.1
111,Plymouth School District,2004-05,241,1936,12.4
112,Pomfret School District,2004-05,48,521,9.2
113,Portland School District,2004-05,128,1426,9
114,Preston School District,2004-05,48,491,9.8
116,Putnam School District,2004-05,445,1329,33.5
117,Redding School District,2004-05,8,1298,0.6
201,Regional School District 01,2004-05,35,613,5.7
204,Regional School District 04,2004-05,74,862,8.6
205,Regional School District 05,2004-05,50,2492,2
206,Regional School District 06,2004-05,66,1068,6.2
207,Regional School District 07,2004-05,26,1083,2.4
208,Regional School District 08,2004-05,37,1582,2.3
209,Regional School District 09,2004-05,10,984,1
210,Regional School District 10,2004-05,66,2721,2.4
211,Regional School District 11,2004-05,55,333,16.5
212,Regional School District 12,2004-05,7,1139,0.6
213,Regional School District 13,2004-05,66,2179,3
214,Regional School District 14,2004-05,96,2303,4.2
215,Regional School District 15,2004-05,83,4494,1.8
216,Regional School District 16,2004-05,211,2666,7.9
217,Regional School District 17,2004-05,87,2401,3.6
218,Regional School District 18,2004-05,50,1582,3.2
219,Regional School District 19,2004-05,90,1251,7.2
118,Ridgefield School District,2004-05,61,5560,1.1
119,Rocky Hill School District,2004-05,154,2486,6.2
121,Salem School District,2004-05,14,567,2.5
122,Salisbury School District,2004-05,26,331,7.9
123,Scotland School District,2004-05,27,186,14.5
124,Seymour School District,2004-05,341,2664,12.8
125,Sharon School District,2004-05,33,258,12.8
126,Shelton School District,2004-05,551,5717,9.6
270,Side By Side Community School District,2004-05,86,235,36.6
128,Simsbury School District,2004-05,173,5055,3.4
129,Somers School District,2004-05,49,1733,2.8
132,South Windsor School District,2004-05,279,5073,5.5
131,Southington School District,2004-05,488,6829,7.1
133,Sprague School District,2004-05,83,326,25.5
134,Stafford School District,2004-05,402,1988,20.2
282,Stamford Academy,2004-05,87,102,85.3
135,Stamford School District,2004-05,6434,14998,42.9
136,Sterling School District,2004-05,77,476,16.2
137,Stonington School District,2004-05,279,2480,11.3
138,Stratford School District,2004-05,2575,7568,34
139,Suffield School District,2004-05,114,2492,4.6
269,The Bridge Academy District,2004-05,129,175,73.7
902,The Gilbert School,2004-05,101,516,19.6
140,Thomaston School District,2004-05,139,1312,10.6
141,Thompson School District,2004-05,257,1489,17.3
142,Tolland School District,2004-05,106,3102,3.4
143,Torrington School District,2004-05,1345,4988,27
278,Trailblazers Academy District,2004-05,100,121,82.6
144,Trumbull School District,2004-05,231,6669,3.5
145,Union School District,2004-05,4,76,5.3
146,Vernon School District,2004-05,981,3989,24.6
147,Voluntown School District,2004-05,99,334,29.6
148,Wallingford School District,2004-05,816,7133,11.4
151,Waterbury School District,2004-05,11376,17436,65.2
152,Waterford School District,2004-05,211,3114,6.8
153,Watertown School District,2004-05,382,3506,10.9
155,West Hartford School District,2004-05,1200,9940,12.1
156,West Haven School District,2004-05,3121,7037,44.4
154,Westbrook School District,2004-05,105,1025,10.2
157,Weston School District,2004-05,20,2533,0.8
158,Westport School District,2004-05,68,5280,1.3
159,Wethersfield School District,2004-05,402,3722,10.8
160,Willington School District,2004-05,51,580,8.8
161,Wilton School District,2004-05,21,4312,0.5
162,Winchester School District,2004-05,389,1083,35.9
163,Windham School District,2004-05,2042,3338,61.2
165,Windsor Locks School District,2004-05,364,1936,18.8
164,Windsor School District,2004-05,1165,4324,26.9
166,Wolcott School District,2004-05,416,2972,14
167,Woodbridge School District,2004-05,33,853,3.9
903,Woodstock Academy,2004-05,32,1075,3
169,Woodstock School District,2004-05,84,994,8.5
